id,speed
0,48.14097
1,47.19301
2,40.614464
3,25.975658
4,41.434643
5,24.032398
6,20.449726
7,49.523064
8,48.13163
9,31.921873
10,30.987152
11,21.711674
12,23.436567
13,23.059824
14,23.451052
15,40.529045
16,44.135307
17,49.392918
18,49.668056
19,48.896954
20,46.842125
21,45.530167
22,22.827726
23,32.41725
24,29.116272
25,20.017113
26,22.874533
27,21.382744
28,16.108902
29,14.327446
30,23.096254
31,49.622746
32,50.603035
33,31.21994
34,30.048344
35,27.796448
36,22.353268
37,22.82978
38,43.956505
39,37.189255
40,44.351868
41,48.946075
42,49.706352
43,44.239567
44,20.49176
45,17.544731
46,18.774548
47,11.553421
48,46.956642
49,49.17437
50,49.76199
51,24.682676
52,18.710253
53,18.458158
54,14.536112
55,16.430298
56,14.488661
57,14.182986
58,21.943026
59,37.296196
60,40.521645
61,37.372135
62,39.45943
63,40.982903
64,48.61393
65,48.70909
66,47.529293
67,47.06679
68,36.202114
69,26.28321
70,19.215715
71,15.581102
72,13.748234
73,12.941076
74,11.818001
75,4.987003
76,40.168003
77,37.18803
78,41.391575
79,47.973248
80,11.211067
81,16.480028
82,20.651363
83,15.3420515
84,18.161785
85,11.5209
86,19.211563
87,36.330456
88,45.730442
89,44.085827
90,48.550426
91,47.88177
92,46.93505
93,45.96535
94,26.659075
95,13.660345
96,22.525421
97,9.776998
98,8.099375
99,19.029692
100,40.566753
101,48.18398
102,14.07938
103,18.031631
104,14.805802
105,43.32225
106,37.30201
107,48.847424
108,43.04332
109,15.650453
110,8.954807
111,7.819911
112,19.115753
113,36.563564
114,41.272842
115,49.71499
116,50.19037
117,41.147537
118,27.16769
119,22.185564
120,18.648094
121,17.791702
122,35.839413
123,48.05965
124,47.699627
125,40.923256
126,37.232162
127,35.23353
128,42.86719
129,27.525255
130,49.462177
131,48.528225
132,47.672405
133,28.191963
134,25.71334
135,25.909039
136,41.602703
137,44.941425
138,49.107178
139,47.532116
140,46.71306
141,43.875954
142,27.052244
143,13.401963
144,19.596977
145,16.283672
146,16.41432
147,48.04531
148,48.509624
149,47.047657
150,47.00776
151,16.006332
152,16.708223
153,17.477913
154,7.164355
155,20.402735
156,36.961067
157,44.70238
158,40.332462
159,46.716667
160,47.789146
161,48.26684
162,48.01297
163,46.99159
164,44.047882
165,26.949947
166,13.926972
167,19.862598
168,17.848969
169,19.245388
170,11.726197
171,9.655784
172,46.046955
173,50.12008
174,43.41359
175,26.330791
176,18.56081
177,16.246828
178,19.137573
179,9.483475
180,46.080044
181,49.866787
182,50.497505
183,50.247314
184,41.002472
185,22.43466
186,21.126133
187,40.881447
188,35.619877
189,48.594894
190,45.734814
191,45.584507
192,40.520584
193,39.154392
194,39.205227
195,37.87307
196,37.970554
197,46.684395
198,38.372383
199,48.30692
200,47.471027
201,27.884901
202,21.101141
203,19.80002
204,17.103397
205,20.23884
206,42.7
207,42.019306
208,48.401314
209,48.865627
210,47.562176
211,46.056442
212,25.641916
213,10.9979725
214,19.327662
215,22.476353
216,18.245327
217,24.410133
218,49.32897
219,47.66636
220,47.077415
221,45.254246
222,27.324606
223,17.299793
224,11.775055
225,24.08351
226,49.809578
227,48.55954
228,17.098944
229,23.665148
230,17.895962
231,18.758217
232,44.550373
233,48.682125
234,47.05778
235,20.196276
236,26.105347
237,20.877363
238,23.026432
239,42.333378
240,34.6311
241,37.162647
242,47.381298
243,47.79029
244,47.979755
245,47.419582
246,29.56881
247,21.839848
248,20.05418
249,20.93339
250,21.466627
251,34.848396
252,43.792057
253,35.036926
254,35.513668
255,47.87953
256,48.05797
257,45.895733
258,44.907055
259,40.7705
260,38.9087
261,38.411366
262,39.464993
263,44.140232
264,32.418877
265,37.234715
266,48.951565
267,46.244476
268,18.682283
269,22.27585
270,19.694118
271,21.164867
272,20.455854
273,15.424544
274,46.35636
275,47.18325
276,47.824474
277,47.924038
278,26.187494
279,11.375418
280,13.361593
281,22.253147
282,21.736607
283,17.793554
284,15.098456
285,14.100532
286,45.410652
287,47.50808
288,9.629189
289,12.612426
290,16.364498
291,11.568185
292,10.119119
293,19.639805
294,44.031555
295,49.456455
296,48.03233
297,35.76198
298,22.058273
299,31.055424
300,24.518671
301,19.350843
302,25.622969
303,38.709255
304,36.653126
305,48.631
306,47.388073
307,48.14571
308,45.52181
309,31.471966
310,19.364649
311,7.5251675
312,37.464634
313,28.341095
314,30.832125
315,48.651848
316,48.306343
317,36.463173
318,31.197802
319,30.431742
320,43.5396
321,47.0946
322,46.92731
323,46.657436
324,45.33639
325,41.762596
326,45.046917
327,42.049522
328,40.40735
329,37.941395
330,36.48273
331,41.31155
332,41.92271
333,35.970844
334,33.006462
335,41.856995
336,48.05572
337,47.50603
338,14.206937
339,21.624907
340,22.702795
341,23.246693
342,42.30557
343,42.568764
344,48.676796
345,48.279243
346,47.37909
347,17.893932
348,36.571167
349,49.341377
350,48.943825
351,48.04367
352,30.862492
353,17.382153
354,27.4602
355,20.066183
356,17.421085
357,22.210396
358,36.249958
359,43.256527
360,42.48974
361,49.189846
362,16.961723
363,26.924185
364,21.418575
365,18.527176
366,13.502686
367,23.517368
368,42.54458
369,49.169865
370,48.172146
371,47.51781
372,47.346714
373,18.750118
374,18.703505
375,10.413319
376,22.307384
377,29.388414
378,32.459026
379,48.031322
380,30.783379
381,21.7397
382,18.754251
383,28.702513
384,48.533745
385,48.838753
386,48.606888
387,44.813107
388,40.700718
389,37.840565
390,37.342846
391,31.3301
392,48.580196
393,48.853516
394,48.60206
395,16.472176
396,17.85873
397,28.039835
398,21.925423
399,13.873325
400,8.825893
401,33.71366
402,36.74177
403,48.156868
404,46.95217
405,45.807953
406,31.74202
407,20.574127
408,21.001406
409,20.634
410,17.896027
411,9.39338
412,40.83841
413,36.01891
414,41.44832
415,48.698925
416,47.667835
417,47.803436
418,47.65397
419,31.981472
420,17.506
421,8.761269
422,43.26727
423,37.761784
424,50.382156
425,50.62498
426,48.711563
427,34.40802
428,29.249582
429,42.169445
430,40.36919
431,47.19353
432,46.182594
433,43.850918
434,29.671967
435,35.098694
436,27.642965
437,25.532743
438,47.197468
439,48.025448
440,48.417503
441,42.220707
442,34.974834
443,36.835453
444,35.169395
445,39.736378
446,28.310045
447,35.571705
448,46.74739
449,46.485806
450,46.84932
451,43.759586
452,43.91954
453,45.272358
454,44.222233
455,43.32605
456,41.01446
457,45.264874
458,48.346058
459,49.320198
460,38.47332
461,25.592384
462,28.509445
463,25.969456
464,33.237747
465,39.86047
466,48.655823
467,49.77682
468,48.742325
469,47.64516
470,21.693224
471,25.577757
472,28.081676
473,24.230968
474,19.357391
475,28.096006
476,48.42495
477,46.90141
478,34.05718
479,25.633747
480,25.141834
481,22.31754
482,25.457802
483,47.23021
484,47.85295
485,47.338192
486,31.950336
487,38.03255
488,29.521399
489,15.523621
490,12.593865
491,38.265057
492,44.60566
493,47.61816
494,49.04028
495,47.16027
496,27.755394
497,32.454098
498,43.544724
499,47.66114
500,49.75757
501,49.77677
502,49.347588
503,48.780334
504,38.088905
505,37.582123
506,31.252832
507,27.206644
508,28.335339
509,49.024918
510,46.44371
511,46.204792
512,45.255817
513,45.206375
514,43.91413
515,41.681625
516,40.847572
517,45.276672
518,48.106285
519,48.101105
520,19.60593
521,27.852419
522,21.960518
523,23.488216
524,15.306273
525,48.9625
526,49.031746
527,48.983627
528,47.789734
529,29.21066
530,19.74233
531,26.002165
532,19.577063
533,18.928617
534,15.799737
535,46.342873
536,28.723259
537,17.828424
538,17.443565
539,20.01487
540,13.749749
541,12.471987
542,47.60826
543,44.814472
544,47.808094
545,45.684162
546,14.506038
547,23.305138
548,22.609262
549,23.822763
550,19.2618
551,43.441936
552,41.1196
553,49.189945
554,48.243397
555,45.420795
556,29.52878
557,17.332191
558,21.179218
559,23.734383
560,19.217106
561,18.041162
562,19.215414
563,18.700672
564,15.359996
565,13.587375
566,42.90647
567,35.320667
568,37.02327
569,49.56584
570,49.252476
571,34.42499
572,44.01296
573,47.9371
574,47.46661
575,48.008595
576,46.34298
577,44.714302
578,42.95529
579,45.699707
580,46.439407
581,37.607246
582,48.816444
583,48.357483
584,15.650406
585,18.836681
586,26.593763
587,25.5734
588,21.941988
589,19.11381
590,20.507637
591,19.115713
592,46.89813
593,49.147465
594,49.084442
595,46.466354
596,45.177475
597,28.646872
598,23.797668
599,18.784313
600,13.850508
601,47.488697
602,46.897675
603,44.860893
604,13.962698
605,19.086794
606,37.273685
607,39.33934
608,47.526512
609,49.41066
610,47.9937
611,46.930336
612,41.280983
613,14.446484
614,18.59633
615,13.696006
616,13.120975
617,16.671118
618,10.573825
619,20.63431
620,38.208763
621,49.710773
622,49.47069
623,47.679188
624,45.119907
625,27.457447
626,18.94557
627,17.224566
628,18.88262
629,12.661624
630,23.546991
631,50.5241
632,49.008144
633,48.356308
634,41.678604
635,26.884655
636,24.307983
637,49.015633
638,49.557617
639,47.786613
640,41.847435
641,42.09076
642,42.559532
643,39.36657
644,38.799088
645,36.251797
646,35.521626
647,47.278336
648,47.551655
649,46.261513
650,45.661037
651,15.800755
652,17.8629
653,10.101653
654,20.007458
655,48.159298
656,48.38874
657,48.52808
658,46.76542
659,45.95674
660,44.130093
661,16.485985
662,22.907284
663,18.00249
664,18.594824
665,19.445446
666,16.70747
667,10.828828
668,42.85009
669,37.663643
670,43.116898
671,47.593082
672,44.724144
673,23.311281
674,18.004883
675,35.540867
676,48.63217
677,49.07852
678,47.816406
679,15.575683
680,25.767372
681,21.905674
682,21.997864
683,18.900995
684,42.52146
685,48.79159
686,48.114307
687,47.23256
688,45.32823
689,26.976229
690,16.352686
691,22.435411
692,16.087116
693,14.687973
694,49.580647
695,48.83349
696,38.89044
697,26.061098
698,23.651592
699,20.748339
700,17.958149
701,19.181967
702,42.23718
703,45.440094
704,47.375656
705,47.354576
706,47.18498
707,46.240963
708,41.34201
709,39.605045
710,40.684875
711,42.6657
712,42.192993
713,40.872204
714,38.409256
715,46.44915
716,38.240803
717,49.119957
718,46.49576
719,25.833643
720,14.426394
721,12.27082
722,9.564877
723,43.853046
724,43.500168
725,46.60745
726,46.181072
727,25.83418
728,16.944399
729,16.828802
730,11.111452
731,42.48929
732,47.03247
733,48.475643
734,45.34184
735,14.257175
736,15.209287
737,13.471406
738,13.0258465
739,6.987226
740,34.980927
741,41.65303
742,47.939827
743,47.995037
744,48.192158
745,26.932302
746,17.647482
747,24.130257
748,21.871891
749,18.133425
750,16.830732
751,14.9494705
752,40.22112
753,48.076397
754,48.39803
755,46.899296
756,46.40468
757,14.793927
758,15.104902
759,13.461731
760,14.389653
761,9.652364
762,21.341003
763,41.871643
764,32.73696
765,35.6193
766,48.200695
767,48.487923
768,39.45118
769,20.911707
770,19.163477
771,19.920738
772,31.41057
773,46.04902
774,47.013798
775,46.39034
776,46.064823
777,45.33295
778,42.05884
779,37.769817
780,48.06388
781,48.0552
782,47.83873
783,14.133835
784,15.87726
785,17.02315
786,13.81359
787,16.237896
788,10.037835
789,22.520174
790,48.651703
791,48.603584
792,47.367077
793,48.33048
794,20.500492
795,20.310463
796,15.291759
797,10.206417
798,21.85277
799,46.807636
800,23.782839
801,11.751226
802,14.618315
803,10.892314
804,12.208391
805,8.684003
806,35.857998
807,43.705517
808,46.80642
809,47.321167
810,47.546246
811,47.06564
812,26.341202
813,13.647736
814,20.358202
815,19.748096
816,19.291718
817,42.75958
818,35.96875
819,49.922657
820,47.8702
821,32.189133
822,36.02741
823,30.19398
824,27.828691
825,26.941694
826,49.69904
827,49.26604
828,37.64022
829,33.8744
830,35.56735
831,32.858543
832,43.469242
833,39.401363
834,48.400032
835,48.33074
836,46.878872
837,44.785706
838,38.399796
839,38.35076
840,48.010796
841,48.96827
842,47.278534
843,41.134903
844,27.665033
845,23.528864
846,33.98496
847,40.88242
848,49.420555
849,49.531673
850,49.441822
851,18.017334
852,26.605722
853,22.948088
854,20.219494
855,23.436562
856,19.868916
857,44.66653
858,48.185883
859,48.905586
860,47.907715
861,47.454807
862,15.30164
863,24.519594
864,22.091936
865,19.363342
866,23.025759
867,47.490307
868,43.971577
869,49.110565
870,47.678608
871,34.76823
872,31.27559
873,25.108873
874,46.4535
875,47.96334
876,50.145588
877,49.91773
878,47.724674
879,18.999838
880,14.462309
881,12.734214
882,24.44117
883,45.81036
884,39.36527
885,47.4072
886,49.304173
887,48.841305
888,48.94166
889,48.488754
890,41.300926
891,25.110504
892,20.313707
893,21.04664
894,39.442596
895,47.892426
896,45.76411
897,42.290234
898,46.42568
899,42.597054
900,49.048767
901,47.55564
902,46.56162
903,27.481205
904,15.285596
905,18.555393
906,23.760376
907,20.49208
908,18.22864
909,14.987553
910,36.37064
911,44.665955
912,47.288174
913,47.435593
914,46.848667
915,25.135462
916,22.804087
917,16.581577
918,18.99861
919,13.944566
920,47.1876
921,48.243484
922,47.33502
923,13.444872
924,24.470324
925,22.352905
926,15.219638
927,17.605986
928,12.473771
929,10.035944
930,19.148855
931,35.196476
932,43.606323
933,47.59821
934,15.218618
935,17.004963
936,19.984444
937,16.032917
938,12.532293
939,20.972803
940,43.8841
941,48.425945
942,49.10897
943,47.614017
944,46.966312
945,27.436003
946,14.167165
947,23.202793
948,21.8688
949,16.066307
950,39.802986
951,46.77905
952,48.99132
953,47.36842
954,40.061398
955,24.892677
956,24.892933
957,17.817513
958,43.70975
959,35.982414
960,45.46853
961,47.946404
962,48.29398
963,47.28735
964,45.56605
965,42.57184
966,38.108616
967,39.708225
968,43.13168
969,44.429546
970,39.015427
971,38.52478
972,46.474792
973,15.132278
974,17.02107
975,24.298325
976,17.49107
977,15.863664
978,17.751287
979,12.873398
980,9.294809
981,22.611847
982,44.744476
983,48.203354
984,48.566
985,46.811005
986,25.683737
987,17.289211
988,15.326177
989,8.665988
990,37.46667
991,44.756496
992,48.793697
993,47.46356
994,46.6167
995,46.59774
996,27.465157
997,14.675583
998,17.4975
999,22.996847
1000,17.367836
1001,16.0906
1002,17.928833
1003,10.942826
1004,20.510782
1005,44.57781
1006,48.957985
1007,47.47572
1008,45.594
1009,28.016123
1010,17.944326
1011,19.279799
1012,13.042089
1013,11.944247
1014,41.37567
1015,49.86856
1016,47.579945
1017,28.35943
1018,17.518044
1019,23.704716
1020,16.415668
1021,17.529007
1022,9.964948
1023,39.48818
1024,43.660324
1025,36.468407
1026,48.369453
1027,28.531424
1028,22.88456
1029,20.925327
1030,22.038671
1031,18.153809
1032,19.291853
1033,44.199093
1034,40.52532
1035,45.75583
1036,48.047356
1037,48.06656
1038,44.48094
1039,39.366554
1040,41.585026
1041,39.668167
1042,34.25963
1043,32.609665
1044,47.248642
1045,37.664455
1046,37.730495
1047,48.093243
1048,47.046722
1049,47.371216
1050,27.819946
1051,21.15451
1052,18.07389
1053,9.37594
1054,45.26325
1055,48.832844
1056,48.19051
1057,45.99687
1058,44.108086
1059,14.455697
1060,22.822794
1061,15.705214
1062,8.726809
1063,39.360394
1064,47.43191
1065,41.604843
1066,49.32802
1067,47.926247
1068,48.888725
1069,48.021774
1070,47.764496
1071,45.88278
1072,14.357902
1073,17.203987
1074,14.578606
1075,22.435198
1076,38.322502
1077,49.013016
1078,45.317112
1079,14.032749
1080,15.543429
1081,16.33437
1082,15.776285
1083,10.892327
1084,44.16078
1085,37.708626
1086,42.143414
1087,47.72775
1088,16.984364
1089,12.164864
1090,36.665215
1091,38.336266
1092,48.08949
1093,46.976456
1094,45.591396
1095,38.88694
1096,24.4306
1097,19.204472
1098,15.068497
1099,14.936546
1100,16.739603
1101,31.805151
1102,43.569336
1103,38.98138
1104,35.578316
1105,34.442772
1106,47.779892
1107,47.47342
1108,44.946896
1109,41.483086
1110,40.59732
1111,37.62213
1112,36.33336
1113,44.867737
1114,46.38646
1115,48.930458
1116,48.139065
1117,47.73113
1118,22.885574
1119,23.301538
1120,39.559246
1121,39.862946
1122,41.213036
1123,50.048355
1124,45.85604
1125,27.982803
1126,30.131517
1127,29.323599
1128,31.915165
1129,38.659977
1130,44.69888
1131,48.189716
1132,46.250484
1133,45.34559
1134,31.035032
1135,18.584528
1136,22.202496
1137,19.631128
1138,21.901875
1139,15.462223
1140,46.69829
1141,42.56521
1142,47.62766
1143,48.81535
1144,47.5547
1145,25.436607
1146,17.207088
1147,18.663033
1148,46.0483
1149,44.462837
1150,14.275789
1151,21.496727
1152,23.878965
1153,20.110756
1154,20.267982
1155,14.168183
1156,13.229334
1157,20.633408
1158,38.639984
1159,37.523796
1160,47.8387
1161,47.37583
1162,47.917816
1163,47.490025
1164,27.538881
1165,19.223787
1166,23.173643
1167,22.164824
1168,44.71396
1169,46.361168
1170,45.751274
1171,42.68038
1172,35.579647
1173,36.855877
1174,45.718224
1175,47.609642
1176,47.438488
1177,26.091326
1178,15.078649
1179,18.558971
1180,21.832287
1181,18.713095
1182,12.3544855
1183,47.335526
1184,44.573437
1185,45.459747
1186,45.53759
1187,45.1978
1188,23.908525
1189,15.178683
1190,14.900528
1191,17.323889
1192,38.40032
1193,45.49506
1194,47.91806
1195,47.49919
1196,47.743618
1197,45.56018
1198,25.42154
1199,40.975937
1200,48.133865
1201,46.578976
1202,42.259724
1203,14.414153
1204,18.357172
1205,15.182607
1206,17.891077
1207,8.837885
1208,19.468937
1209,36.281956
1210,48.025356
1211,46.80417
1212,21.13465
1213,20.895796
1214,19.889154
1215,18.182947
1216,47.27408
1217,48.10301
1218,47.495163
1219,39.568962
1220,26.526829
1221,23.048817
1222,18.261827
1223,22.213278
1224,20.2145
1225,17.751072
1226,18.93833
1227,41.24436
1228,35.572166
1229,37.82283
1230,46.76985
1231,47.256565
1232,42.10208
1233,40.31635
1234,40.734463
1235,47.947063
1236,16.308739
1237,20.642618
1238,18.330385
1239,12.405177
1240,22.709814
1241,47.18044
1242,42.56639
1243,46.558002
1244,48.89898
1245,48.019184
1246,16.527882
1247,25.853653
1248,23.82608
1249,11.865116
1250,45.796345
1251,48.054615
1252,46.651287
1253,47.00127
1254,26.199806
1255,15.4069395
1256,17.656107
1257,40.92154
1258,47.91468
1259,46.225258
1260,46.333126
1261,44.53635
1262,27.543865
1263,25.599962
1264,17.555927
1265,18.741814
1266,17.546822
1267,19.222837
1268,21.96564
1269,47.86003
1270,47.53548
1271,48.41589
1272,44.84723
1273,14.04111
1274,16.235163
1275,18.042065
1276,17.94404
1277,11.576046
1278,19.66313
1279,36.02273
1280,44.27406
1281,38.86738
1282,46.513287
1283,48.464523
1284,47.772213
1285,25.73251
1286,26.885439
1287,22.296684
1288,19.01568
1289,20.72572
1290,37.89743
1291,47.244915
1292,47.390476
1293,44.993046
1294,43.365604
1295,43.022537
1296,39.54846
1297,36.479897
1298,48.482967
1299,47.821827
1300,46.33404
1301,44.22201
1302,22.575228
1303,12.385955
1304,22.118074
1305,46.805717
1306,48.57229
1307,48.240963
1308,47.77869
1309,37.815533
1310,29.050676
1311,34.18308
1312,24.894186
1313,25.99979
1314,18.99978
1315,31.890509
1316,40.153522
1317,39.70096
1318,44.117928
1319,48.82983
1320,47.071587
1321,45.111904
1322,14.693128
1323,15.801187
1324,17.884533
1325,23.378345
1326,48.42871
1327,24.175514
1328,20.51721
1329,18.701038
1330,20.57622
1331,12.365421
1332,23.995962
1333,39.908413
1334,38.323387
1335,48.723526
1336,47.20705
1337,45.66565
1338,16.967201
1339,17.75377
1340,16.592808
1341,17.30398
1342,49.283787
1343,48.57606
1344,40.95042
1345,28.728647
1346,25.565475
1347,20.167952
1348,17.798471
1349,42.32859
1350,40.449245
1351,37.458923
1352,39.837383
1353,37.63404
1354,40.39387
1355,39.016968
1356,46.337887
1357,38.847397
1358,48.901054
1359,25.709192
1360,24.38377
1361,22.553293
1362,19.065584
1363,15.888934
1364,16.628988
1365,12.663812
1366,11.877765
1367,41.905277
1368,49.442337
1369,26.248028
1370,26.549421
1371,17.244074
1372,11.661012
1373,38.272713
1374,49.132607
1375,47.422432
1376,48.063656
1377,25.988796
1378,18.336103
1379,41.57231
1380,41.73203
1381,46.62986
1382,19.339619
1383,11.2332115
1384,36.797157
1385,43.176533
1386,39.34008
1387,46.550953
1388,47.682743
1389,44.479656
1390,12.247095
1391,14.811323
1392,20.399683
1393,17.585121
1394,19.744205
1395,14.205869
1396,41.87953
1397,49.806484
1398,49.532352
1399,49.80721
1400,21.79007
1401,24.940052
1402,46.789562
1403,46.1316
1404,47.50774
1405,47.37116
1406,41.38007
1407,42.18972
1408,44.78552
1409,45.089832
1410,43.69031
1411,46.445427
1412,47.44515
1413,46.30784
1414,11.817075
1415,23.236029
1416,39.115955
1417,44.815464
1418,44.893307
1419,44.382767
1420,10.986246
1421,15.515748
1422,17.49131
1423,16.301893
1424,14.656211
1425,13.275755
1426,11.456367
1427,23.944805
1428,40.054714
1429,46.468224
1430,46.665184
1431,44.858643
1432,44.18312
1433,42.770397
1434,18.633776
1435,17.972033
1436,17.951193
1437,20.523708
1438,12.454329
1439,20.18619
1440,38.343884
1441,46.23974
1442,46.57421
1443,44.808357
1444,42.577583
1445,23.962221
1446,16.469498
1447,39.310455
1448,45.417747
1449,44.1521
1450,27.622105
1451,15.87415
1452,17.615162
1453,17.984426
1454,12.418148
1455,35.815723
1456,39.207428
1457,48.84241
1458,48.228535
1459,47.0695
1460,22.59193
1461,16.647902
1462,19.858578
1463,36.479202
1464,44.796772
1465,46.692215
1466,46.744946
1467,45.734474
1468,43.96926
1469,41.890575
1470,43.38633
1471,43.13445
1472,46.240253
1473,45.68342
1474,13.351947
1475,17.935347
1476,15.800896
1477,10.48921
1478,39.853214
1479,39.83516
1480,47.210186
1481,47.00216
1482,46.357597
1483,24.762665
1484,22.144861
1485,20.189266
1486,17.133715
1487,15.278725
1488,8.147177
1489,9.814043
1490,22.76127
1491,36.45869
1492,45.417168
1493,44.839138
1494,44.0296
1495,40.603127
1496,19.972061
1497,21.967691
1498,23.124048
1499,15.180542
1500,26.586082
1501,42.56851
1502,47.57969
1503,47.4818
1504,46.859722
1505,44.730137
1506,14.527419
1507,18.848413
1508,21.590841
1509,20.65462
1510,19.299986
1511,14.121408
1512,12.369011
1513,40.634335
1514,46.39577
1515,39.36487
1516,45.033276
1517,19.567432
1518,9.438357
1519,37.648823
1520,36.70182
1521,47.515686
1522,46.87363
1523,25.606224
1524,23.740496
1525,17.982815
1526,21.750109
1527,19.46185
1528,40.866795
1529,34.36172
1530,45.62448
1531,47.346405
1532,39.779682
1533,39.37816
1534,44.146496
1535,44.629673
1536,36.02721
1537,48.90735
1538,49.03327
1539,49.536373
1540,47.474525
1541,46.379436
1542,29.817415
1543,25.752111
1544,27.70578
1545,27.754112
1546,28.2693
1547,40.080887
1548,47.550747
1549,47.742687
1550,46.60309
1551,44.910107
1552,26.114851
1553,22.133343
1554,18.014788
1555,16.164011
1556,11.409272
1557,23.08073
1558,36.86949
1559,47.431267
1560,47.645004
1561,46.786987
1562,46.36061
1563,12.730235
1564,23.827568
1565,11.039347
1566,10.22788
1567,21.981455
1568,43.608234
1569,47.27281
1570,24.69198
1571,21.616571
1572,19.009794
1573,18.5195
1574,11.464723
1575,22.652994
1576,40.476696
1577,37.86214
1578,47.102253
1579,47.51771
1580,45.466656
1581,43.868626
1582,24.049374
1583,15.141942
1584,9.689347
1585,8.8349905
1586,36.448357
1587,43.625076
1588,34.252953
1589,37.600224
1590,46.20042
1591,47.70959
1592,47.79847
1593,38.802036
1594,27.033361
1595,15.652832
1596,14.225387
1597,30.125526
1598,39.64888
1599,32.39102
1600,43.417015
1601,44.949154
1602,43.939655
1603,43.66094
1604,38.787518
1605,36.007168
1606,37.66054
1607,38.24406
1608,32.703056
1609,45.80385
1610,46.47615
1611,47.088215
1612,45.40763
1613,17.290403
1614,17.59698
1615,20.201353
1616,21.310158
1617,35.583157
1618,39.711727
1619,46.961533
1620,47.48958
1621,46.105927
1622,46.984585
1623,45.808044
1624,44.390587
1625,23.62864
1626,15.779561
1627,23.652279
1628,21.883926
1629,15.603313
1630,11.82985
1631,47.623844
1632,47.094925
1633,46.24804
1634,47.027843
1635,45.868183
1636,44.45779
1637,13.731527
1638,23.194881
1639,21.494177
1640,15.673779
1641,10.30552
1642,23.137877
1643,37.375008
1644,41.66801
1645,46.114506
1646,46.89431
1647,45.52296
1648,21.68601
1649,16.153553
1650,19.001644
1651,19.463228
1652,10.939427
1653,23.956938
1654,37.46865
1655,37.45967
1656,45.07825
1657,45.204147
1658,12.291923
1659,21.59644
1660,19.582567
1661,15.065008
1662,17.001698
1663,18.048285
1664,17.40249
1665,34.9791
1666,45.28381
1667,37.276405
1668,25.122393
1669,21.259474
1670,25.196568
1671,20.324327
1672,38.491722
1673,35.346924
1674,36.166862
1675,43.98341
1676,46.775192
1677,46.22875
1678,34.478737
1679,43.97268
1680,44.05771
1681,45.31752
1682,48.417286
1683,47.396973
1684,40.8685
1685,31.51926
1686,32.332214
1687,24.850582
1688,27.4354
1689,28.528088
1690,22.10427
1691,30.964956
1692,41.986065
1693,38.869137
1694,46.547295
1695,46.366074
1696,44.12973
1697,11.424384
1698,21.568335
1699,20.121708
1700,43.743645
1701,45.903507
1702,28.937407
1703,11.664737
1704,12.7802
1705,20.6458
1706,20.90662
1707,12.933029
1708,19.886238
1709,41.052338
1710,42.684994
1711,48.06336
1712,47.26646
1713,43.5538
1714,23.184418
1715,21.334352
1716,21.392128
1717,14.603471
1718,44.57513
1719,40.189228
1720,46.340088
1721,46.0402
1722,43.71943
1723,25.919691
1724,15.318677
1725,19.694576
1726,39.249043
1727,44.186222
1728,47.8909
1729,40.734585
1730,21.722149
1731,16.877472
1732,43.756706
1733,48.809998
1734,49.08771
1735,48.577168
1736,45.62634
1737,40.136772
1738,40.01042
1739,43.461704
1740,44.740128
1741,45.075573
1742,40.08767
1743,45.08375
1744,33.742813
1745,42.917213
1746,10.783126
1747,16.60867
1748,22.897648
1749,39.413822
1750,38.60627
1751,47.673904
1752,48.1347
1753,17.651188
1754,25.583815
1755,20.354542
1756,19.605305
1757,42.22881
1758,47.504498
1759,47.11754
1760,47.832233
1761,47.2754
1762,44.100296
1763,15.902391
1764,16.397997
1765,18.542809
1766,21.273212
1767,48.72443
1768,47.624454
1769,47.346897
1770,27.505867
1771,20.775461
1772,15.132576
1773,46.714478
1774,46.070183
1775,46.327595
1776,45.5372
1777,44.89264
1778,10.603823
1779,15.063096
1780,16.994349
1781,15.068169
1782,22.268997
1783,35.979877
1784,42.09299
1785,42.081707
1786,39.71068
1787,30.333921
1788,24.017164
1789,21.496126
1790,22.671335
1791,32.538403
1792,29.769709
1793,23.505045
1794,42.781704
1795,41.829212
1796,39.672142
1797,46.247345
1798,45.776836
1799,45.50889
1800,44.4693
1801,41.49561
1802,42.940628
1803,39.027054
1804,41.111362
1805,42.16484
1806,36.823574
1807,43.959866
1808,43.114033
1809,44.84248
1810,45.68003
1811,45.10153
1812,44.97501
1813,44.70321
1814,15.743959
1815,20.897089
1816,20.856876
1817,17.682966
1818,25.771008
1819,41.78718
1820,42.634956
1821,47.30337
1822,46.68293
1823,14.721397
1824,18.15958
1825,29.331709
1826,20.445047
1827,23.388758
1828,24.072779
1829,44.044846
1830,38.52549
1831,48.982014
1832,45.519127
1833,45.007042
1834,31.32301
1835,19.987028
1836,23.059174
1837,23.897327
1838,24.2562
1839,22.359423
1840,25.13172
1841,37.0563
1842,38.61726
1843,42.828976
1844,18.71553
1845,17.742508
1846,20.234783
1847,11.552228
1848,35.72654
1849,47.825573
1850,46.88889
1851,45.11259
1852,26.707573
1853,23.83699
1854,22.030825
1855,22.394175
1856,22.386858
1857,36.922127
1858,30.241316
1859,48.977333
1860,48.346912
1861,25.892479
1862,27.766132
1863,22.464634
1864,22.572025
1865,48.18167
1866,48.180233
1867,47.67583
1868,45.45862
1869,44.529568
1870,41.07572
1871,40.045815
1872,43.008263
1873,34.534374
1874,47.161438
1875,46.989796
1876,46.332817
1877,43.36599
1878,22.37024
1879,24.388569
1880,13.106667
1881,49.418087
1882,49.80363
1883,48.801826
1884,48.67777
1885,19.565838
1886,26.76291
1887,22.13329
1888,19.127598
1889,20.628916
1890,48.41779
1891,18.735527
1892,27.456291
1893,25.54944
1894,19.886316
1895,13.128587
1896,46.823074
1897,47.611427
1898,19.145128
1899,17.264084
1900,12.2369995
1901,23.541029
1902,36.666443
1903,47.492096
1904,45.06662
1905,16.56245
1906,18.142344
1907,19.918238
1908,22.113543
1909,16.92049
1910,23.70355
1911,48.321934
1912,47.740456
1913,28.323282
1914,24.072573
1915,26.660604
1916,22.47692
1917,23.157038
1918,34.90891
1919,43.673584
1920,41.17169
1921,46.970303
1922,44.12176
1923,40.391064
1924,40.205723
1925,42.516792
1926,45.228134
1927,45.36385
1928,43.00265
1929,46.450153
1930,33.756233
1931,15.301138
1932,22.146381
1933,20.88578
1934,20.053364
1935,20.231306
1936,48.398594
1937,42.788277
1938,42.410755
1939,46.612957
1940,45.715794
1941,44.19068
1942,32.330322
1943,14.82155
1944,25.615356
1945,21.733461
1946,16.67216
1947,22.387114
1948,41.550915
1949,40.066727
1950,48.486946
1951,46.11588
1952,44.165775
1953,30.871065
1954,16.076332
1955,16.418896
1956,24.427013
1957,21.315256
1958,12.613714
1959,37.770054
1960,46.56481
1961,48.02279
1962,46.177193
1963,46.27774
1964,43.64559
1965,25.920023
1966,19.978575
1967,43.885414
1968,41.52582
1969,47.673046
1970,45.055706
1971,12.087265
1972,15.125673
1973,17.314016
1974,14.390422
1975,10.888922
1976,20.226435
1977,36.740246
1978,48.40553
1979,47.744457
1980,47.595707
1981,46.863304
1982,38.828285
1983,25.08961
1984,22.470499
1985,24.651285
1986,20.932985
1987,19.78899
1988,38.39124
1989,42.934166
1990,47.0145
1991,46.80949
1992,46.321335
1993,43.17353
1994,36.704536
1995,38.180237
1996,39.355366
1997,39.58993
1998,47.701164
1999,32.418102
2000,19.829817
2001,21.780611
2002,20.874367
2003,17.121536
2004,24.63745
2005,44.77713
2006,44.006645
2007,47.06961
2008,14.3752575
2009,16.265049
2010,24.797262
2011,17.13946
2012,12.93286
2013,14.863723
2014,19.93871
2015,19.846235
2016,18.836256
2017,15.205717
2018,36.04966
2019,36.484207
2020,40.465244
2021,48.006886
2022,47.4848
2023,47.864048
2024,21.879517
2025,20.016766
2026,20.584892
2027,19.81144
2028,15.340076
2029,44.399208
2030,37.87927
2031,39.972485
2032,47.80763
2033,44.770367
2034,17.722893
2035,12.438029
2036,10.632377
2037,12.113145
2038,8.028915
2039,46.50247
2040,45.182175
2041,45.414307
2042,26.711758
2043,30.601671
2044,18.819265
2045,20.104347
2046,45.88628
2047,42.102905
2048,37.143105
2049,40.753662
2050,37.713005
2051,44.49068
2052,34.327457
2053,47.687958
2054,48.04708
2055,45.534393
2056,17.633314
2057,24.833649
2058,22.524069
2059,19.737906
2060,22.783556
2061,18.884256
2062,13.943998
2063,45.59736
2064,45.935173
2065,46.269615
2066,17.595993
2067,25.968697
2068,19.978846
2069,23.066465
2070,13.634549
2071,37.530014
2072,39.225056
2073,44.08463
2074,48.28052
2075,29.852434
2076,12.793896
2077,17.116484
2078,17.453642
2079,20.629272
2080,21.256884
2081,36.121216
2082,46.56728
2083,45.81018
2084,43.929596
2085,12.778951
2086,20.773577
2087,16.720383
2088,18.86399
2089,42.85551
2090,37.718246
2091,47.840137
2092,47.818638
2093,48.07605
2094,44.41697
2095,15.626291
2096,23.099308
2097,16.234806
2098,19.1088
2099,23.106749
2100,17.346767
2101,45.10178
2102,45.680195
2103,48.175934
2104,46.923183
2105,46.258076
2106,27.5591
2107,25.497852
2108,20.531935
2109,23.12929
2110,16.160786
2111,21.999804
2112,21.155785
2113,29.824987
2114,46.49203
2115,47.04203
2116,47.043137
2117,40.343555
2118,41.99394
2119,38.84007
2120,38.00048
2121,38.36839
2122,42.618305
2123,40.892273
2124,29.005812
2125,30.317566
2126,46.72987
2127,46.169006
2128,45.930958
2129,44.078007
2130,41.586864
2131,13.694534
2132,17.278074
2133,17.79384
2134,15.988046
2135,19.039381
2136,19.44388
2137,8.483822
2138,47.976536
2139,48.823406
2140,19.75412
2141,15.458953
2142,40.706078
2143,50.251076
2144,49.08966
2145,45.475708
2146,12.880953
2147,19.309023
2148,15.713298
2149,14.460841
2150,18.317537
2151,34.04904
2152,40.841675
2153,48.655304
2154,46.933674
2155,47.738697
2156,13.521224
2157,11.156468
2158,16.831978
2159,15.768756
2160,18.152193
2161,9.37777
2162,32.567474
2163,39.153603
2164,47.3512
2165,30.938211
2166,14.710359
2167,17.09666
2168,22.302782
2169,23.421495
2170,19.586586
2171,19.222202
2172,19.159348
2173,10.922521
2174,43.973568
2175,34.157845
2176,34.60268
2177,46.70112
2178,49.106815
2179,49.421665
2180,20.210276
2181,17.827002
2182,21.836908
2183,20.92957
2184,19.398222
2185,31.150093
2186,38.654385
2187,32.726913
2188,45.996025
2189,45.60767
2190,46.663544
2191,45.498142
2192,45.105286
2193,35.41173
2194,38.129017
2195,45.30809
2196,44.76658
2197,37.425365
2198,34.744045
2199,31.96998
2200,27.861832
2201,31.133991
2202,48.186684
2203,48.367737
2204,48.043125
2205,14.657718
2206,19.293129
2207,10.337354
2208,37.803665
2209,42.691128
2210,44.49485
2211,42.168983
2212,25.194878
2213,16.976633
2214,17.922325
2215,10.124804
2216,11.31609
2217,22.200977
2218,42.677853
2219,45.06867
2220,46.35838
2221,46.39984
2222,46.07523
2223,43.497368
2224,13.975086
2225,15.141635
2226,13.62633
2227,14.8603735
2228,7.6245136
2229,6.88354
2230,18.034283
2231,41.673428
2232,49.60217
2233,50.01403
2234,50.11233
2235,48.254295
2236,45.681618
2237,15.855632
2238,20.445381
2239,26.969095
2240,18.386242
2241,25.053059
2242,36.440964
2243,45.83602
2244,46.369453
2245,45.785027
2246,47.04446
2247,45.229774
2248,42.785275
2249,28.78391
2250,13.128943
2251,23.131876
2252,17.849567
2253,14.711782
2254,16.875277
2255,16.790466
2256,6.5876956
2257,16.71561
2258,23.218107
2259,33.34916
2260,47.444874
2261,49.107067
2262,47.588734
2263,23.432245
2264,14.084879
2265,22.199219
2266,40.599537
2267,47.304325
2268,45.01774
2269,42.668552
2270,43.365005
2271,44.389664
2272,43.38101
2273,46.351585
2274,46.474133
2275,47.203735
2276,42.32263
2277,38.639973
2278,47.45828
2279,47.322468
2280,47.79042
2281,47.071426
2282,26.075779
2283,20.121283
2284,24.918905
2285,21.967855
2286,22.71641
2287,22.093956
2288,14.3008995
2289,41.413414
2290,46.920616
2291,27.197012
2292,14.155723
2293,15.684113
2294,19.071264
2295,17.449606
2296,18.226913
2297,42.859016
2298,38.68905
2299,47.980854
2300,46.850166
2301,21.407537
2302,20.231838
2303,16.807068
2304,18.393166
2305,10.970605
2306,9.22466
2307,38.398636
2308,42.448456
2309,47.905903
2310,46.853596
2311,47.568295
2312,47.098835
2313,44.138226
2314,24.111248
2315,47.44167
2316,48.24625
2317,46.94956
2318,23.714806
2319,13.917562
2320,21.023031
2321,21.48462
2322,18.371864
2323,7.8708434
2324,19.20339
2325,34.91284
2326,47.465458
2327,47.471657
2328,47.762962
2329,47.274807
2330,47.213074
2331,42.558685
2332,29.423061
2333,23.667252
2334,13.886599
2335,19.124174
2336,19.939993
2337,43.57573
2338,35.38064
2339,39.2327
2340,47.299103
2341,40.01976
2342,38.55309
2343,42.165997
2344,40.905487
2345,43.03971
2346,47.41823
2347,47.591194
2348,15.990982
2349,25.433573
2350,24.128664
2351,19.965765
2352,23.461035
2353,42.386192
2354,46.795975
2355,47.54308
2356,46.524433
2357,43.752632
2358,16.027494
2359,22.273294
2360,18.401388
2361,16.749392
2362,18.409147
2363,12.185252
2364,9.971064
2365,36.775093
2366,47.235115
2367,48.147717
2368,47.692997
2369,44.877575
2370,24.336689
2371,15.449058
2372,33.02494
2373,41.012646
2374,47.249107
2375,47.476093
2376,10.98861
2377,19.293228
2378,17.783787
2379,16.106369
2380,7.6527066
2381,32.926254
2382,38.132107
2383,47.63521
2384,47.448147
2385,44.72251
2386,11.077256
2387,19.22139
2388,16.835732
2389,33.894444
2390,46.603493
2391,49.062477
2392,48.881184
2393,26.093512
2394,26.233814
2395,18.93585
2396,22.154268
2397,20.525799
2398,48.53576
2399,49.674862
2400,50.260403
2401,16.082691
2402,12.461613
2403,13.791213
2404,27.571108
2405,41.909313
2406,45.917522
2407,48.279865
2408,36.820694
2409,49.54471
2410,49.14667
2411,29.487162
2412,25.589783
2413,33.850613
2414,29.173428
2415,29.784357
2416,19.588617
2417,39.493618
2418,47.142807
2419,45.805042
2420,24.262028
2421,19.509476
2422,47.526173
2423,46.416588
2424,12.092089
2425,14.66196
2426,16.16346
2427,17.611528
2428,15.246272
2429,16.206728
2430,8.142869
2431,7.365615
2432,38.470222
2433,47.406456
2434,46.77044
2435,23.519917
2436,14.175866
2437,20.969498
2438,20.92613
2439,16.969297
2440,13.601223
2441,38.61719
2442,47.859917
2443,48.017155
2444,46.792503
2445,44.754063
2446,14.064252
2447,19.443851
2448,20.573456
2449,15.26922
2450,13.080447
2451,16.363129
2452,49.234867
2453,41.037853
2454,24.767292
2455,24.4083
2456,16.534649
2457,35.188614
2458,30.948446
2459,47.33681
2460,46.421547
2461,37.214104
2462,38.587505
2463,40.29403
2464,35.68749
2465,32.40943
2466,39.49598
2467,39.860207
2468,41.02998
2469,48.06669
2470,48.9726
2471,46.902184
2472,46.57757
2473,25.58913
2474,18.741793
2475,21.513636
2476,23.702309
2477,23.52779
2478,21.674898
2479,21.163128
2480,20.944063
2481,45.153534
2482,37.74887
2483,43.414112
2484,46.67571
2485,46.158306
2486,46.295696
2487,30.473995
2488,36.09065
2489,36.253326
2490,28.939512
2491,29.986645
2492,32.159763
2493,21.981642
2494,45.020245
2495,40.529526
2496,47.826057
2497,47.280815
2498,48.197254
2499,46.54501
2500,43.16149
2501,19.92969
2502,13.882629
2503,17.493593
2504,10.453147
2505,22.175259
2506,42.79298
2507,49.351322
2508,49.18207
2509,48.50913
2510,46.300972
2511,14.20901
2512,23.639927
2513,19.114244
2514,20.5829
2515,21.817986
2516,18.631092
2517,35.147694
2518,36.39168
2519,13.334338
2520,20.64526
2521,15.889501
2522,17.609854
2523,10.875128
2524,9.006812
2525,19.874496
2526,35.032116
2527,41.38703
2528,45.42629
2529,48.182503
2530,48.672478
2531,20.32047
2532,23.855606
2533,17.679901
2534,22.60522
2535,34.958134
2536,43.449963
2537,46.25235
2538,46.79322
2539,42.805088
2540,36.152897
2541,35.782776
2542,38.983284
2543,42.816765
2544,44.471115
2545,47.92303
2546,49.947975
2547,47.254868
2548,37.109062
2549,31.531075
2550,31.497448
2551,26.062841
2552,20.86179
2553,31.095879
2554,41.488426
2555,44.550655
2556,46.950954
2557,48.29934
2558,47.53301
2559,47.644447
2560,45.54702
2561,27.279919
2562,13.939897
2563,15.411616
2564,25.96175
2565,19.760538
2566,15.714718
2567,40.028675
2568,47.182785
2569,45.398933
2570,13.455639
2571,26.483385
2572,21.127165
2573,16.024738
2574,11.104454
2575,48.288586
2576,24.928442
2577,12.44709
2578,9.301692
2579,43.111088
2580,40.125614
2581,47.32658
2582,48.011784
2583,47.24676
2584,46.922955
2585,45.653004
2586,15.160368
2587,20.246351
2588,17.49339
2589,20.218525
2590,16.599525
2591,41.2909
2592,34.094433
2593,45.407295
2594,47.56619
2595,47.255104
2596,22.395475
2597,23.139631
2598,26.800497
2599,21.929117
2600,20.033926
2601,17.832699
2602,18.952986
2603,38.432793
2604,47.19004
2605,46.987793
2606,46.526554
2607,42.996895
2608,39.84823
2609,41.004246
2610,39.064663
2611,40.061226
2612,39.572483
2613,46.97664
2614,38.96406
2615,47.55092
2616,48.32269
2617,45.511887
2618,25.067127
2619,15.776989
2620,18.350542
2621,26.30075
2622,21.522215
2623,22.356537
2624,22.513569
2625,22.144304
2626,40.982506
2627,48.431877
2628,48.21645
2629,47.501617
2630,24.465784
2631,24.823845
2632,20.358137
2633,22.017893
2634,20.23585
2635,42.945602
2636,48.004665
2637,42.90934
2638,46.17555
2639,46.102043
2640,46.962193
2641,46.318977
2642,22.560911
2643,16.909018
2644,13.150558
2645,11.876291
2646,10.896936
2647,11.382086
2648,7.262645
2649,47.082565
2650,47.606277
2651,47.463066
2652,48.177757
2653,47.797707
2654,24.05642
2655,15.312813
2656,18.694025
2657,15.456121
2658,18.31481
2659,42.99898
2660,36.194996
2661,46.989452
2662,48.370617
2663,47.239323
2664,46.720722
2665,25.797155
2666,12.280303
2667,19.7634
2668,17.36416
2669,19.364197
2670,18.623184
2671,46.203987
2672,36.779808
2673,21.17662
2674,22.516813
2675,20.705881
2676,30.467659
2677,36.930557
2678,36.768196
2679,45.478954
2680,46.079487
2681,44.883625
2682,43.53751
2683,39.168064
2684,38.104507
2685,40.763927
2686,46.466824
2687,46.04111
2688,46.16103
2689,41.501717
2690,21.298351
2691,15.811115
2692,23.512943
2693,16.758385
2694,38.580112
2695,42.31142
2696,42.51085
2697,44.96288
2698,45.038807
2699,43.890545
2700,8.994571
2701,11.629126
2702,9.987422
2703,11.297518
2704,36.813194
2705,39.619965
2706,49.420742
2707,45.25304
2708,35.322548
2709,41.99462
2710,26.541552
2711,28.652943
2712,28.538055
2713,29.026222
2714,21.870127
2715,43.850674
2716,46.79994
2717,46.58791
2718,22.879223
2719,15.534962
2720,21.36732
2721,18.326511
2722,18.730742
2723,16.77175
2724,9.874321
2725,20.974403
2726,33.053165
2727,48.36686
2728,48.737103
2729,46.135777
2730,22.396025
2731,16.98752
2732,11.48337
2733,22.829103
2734,39.647556
2735,46.384933
2736,48.77437
2737,48.66215
2738,48.977
2739,48.458767
2740,40.31709
2741,26.148964
2742,21.136852
2743,19.976404
2744,22.143824
2745,18.930832
2746,19.20273
2747,37.59619
2748,47.598457
2749,48.274094
2750,47.54222
2751,46.128407
2752,42.394684
2753,38.199745
2754,42.752346
2755,37.631966
2756,35.341423
2757,48.24098
2758,47.578255
2759,47.890354
2760,22.382961
2761,17.94123
2762,16.559404
2763,12.205014
2764,21.010777
2765,40.656193
2766,44.380493
2767,48.515034
2768,49.016426
2769,47.886143
2770,46.13257
2771,13.667643
2772,23.113245
2773,22.10823
2774,17.17178
2775,21.224016
2776,35.894283
2777,43.364574
2778,41.438892
2779,48.530872
2780,47.65815
2781,48.437954
2782,47.50392
2783,45.572838
2784,24.337225
2785,13.367586
2786,23.113918
2787,18.398232
2788,14.605486
2789,8.890202
2790,19.909935
2791,35.678688
2792,43.386497
2793,39.16616
2794,42.047695
2795,48.74205
2796,47.269924
2797,15.228652
2798,22.896416
2799,22.586372
2800,19.558928
2801,18.274017
2802,20.010792
2803,16.620817
2804,20.349249
2805,36.97054
2806,48.2274
2807,48.822258
2808,48.187412
2809,28.842136
2810,15.377744
2811,22.1184
2812,16.536993
2813,16.808546
2814,21.329037
2815,44.04061
2816,37.54647
2817,48.022545
2818,27.405113
2819,26.217945
2820,22.33646
2821,21.687592
2822,34.290794
2823,41.81383
2824,37.086716
2825,43.559677
2826,46.405354
2827,46.720203
2828,46.49941
2829,44.588387
2830,35.466473
2831,36.50498
2832,34.491837
2833,38.693462
2834,37.804497
2835,34.46713
2836,37.386314
2837,47.512695
2838,47.4927
2839,14.642226
2840,22.807842
2841,19.35355
2842,20.971392
2843,19.259758
2844,20.74142
2845,13.684832
2846,38.69706
2847,41.05427
2848,48.310856
2849,47.906197
2850,49.0193
2851,48.41994
2852,47.40146
2853,46.03248
2854,18.892763
2855,19.167938
2856,44.535213
2857,39.32786
2858,41.63135
2859,49.409138
2860,25.511633
2861,13.411423
2862,16.311749
2863,19.688295
2864,18.446663
2865,9.281506
2866,19.873312
2867,35.466644
2868,43.61194
2869,38.52829
2870,23.967745
2871,21.98286
2872,22.767963
2873,18.226318
2874,12.56382
2875,38.31942
2876,46.811413
2877,48.738834
2878,48.127422
2879,48.346073
2880,28.113005
2881,15.211437
2882,21.66238
2883,23.511168
2884,19.360413
2885,16.905819
2886,10.555662
2887,47.112976
2888,38.602333
2889,48.74916
2890,47.76461
2891,45.19354
2892,38.620667
2893,22.094002
2894,19.489822
2895,17.918108
2896,17.159672
2897,18.012238
2898,31.072365
2899,41.285915
2900,37.652546
2901,46.61956
2902,46.888935
2903,36.134872
2904,36.665615
2905,41.727207
2906,42.97035
2907,41.07025
2908,39.538082
2909,38.047855
2910,37.93332
2911,47.19671
2912,46.88672
2913,26.425825
2914,13.938552
2915,25.709797
2916,21.443117
2917,22.739176
2918,37.93061
2919,45.446693
2920,46.855892
2921,47.570587
2922,46.84136
2923,22.956818
2924,18.961931
2925,21.094318
2926,15.579723
2927,10.167648
2928,9.546145
2929,40.435173
2930,48.184685
2931,47.69114
2932,13.939247
2933,15.769444
2934,18.621326
2935,20.407383
2936,17.129148
2937,10.050208
2938,45.438133
2939,39.873188
2940,48.0888
2941,47.78631
2942,47.4625
2943,14.88339
2944,23.696646
2945,22.424946
2946,11.808026
2947,21.852482
2948,45.878696
2949,38.905598
2950,41.689228
2951,47.97847
2952,45.781693
2953,26.1803
2954,15.559273
2955,21.587255
2956,18.998245
2957,16.81375
2958,18.06694
2959,21.093275
2960,42.991932
2961,35.59156
2962,46.576042
2963,48.9542
2964,41.813244
2965,27.193611
2966,24.612522
2967,25.989878
2968,26.566774
2969,22.86127
2970,23.462055
2971,31.219177
2972,43.973866
2973,47.235004
2974,46.92737
2975,44.315617
2976,40.936226
2977,34.96074
2978,48.238117
2979,24.601042
2980,23.905987
2981,20.082474
2982,20.170141
2983,14.72287
2984,11.578021
2985,45.75194
2986,48.286606
2987,47.68288
2988,48.042004
2989,45.3287
2990,13.66946
2991,16.39654
2992,23.526123
2993,22.787397
2994,19.999737
2995,12.223968
2996,17.432589
2997,44.726734
2998,44.78623
2999,49.076538
3000,47.80846
3001,47.821957
3002,24.775936
3003,19.508139
3004,16.38942
3005,9.20753
3006,39.23936
3007,44.11334
3008,47.545982
3009,45.571854
3010,20.413685
3011,21.483597
3012,23.654222
3013,39.807167
3014,46.69332
3015,39.229282
3016,47.863735
3017,25.776009
3018,21.032476
3019,17.593004
3020,17.91813
3021,10.282441
3022,21.797075
3023,34.01921
3024,45.350006
3025,37.69546
3026,16.402916
3027,16.072685
3028,18.383636
3029,19.819387
3030,20.755913
3031,34.49275
3032,44.399014
3033,46.723614
3034,47.022297
3035,47.371185
3036,43.16672
3037,37.573387
3038,37.24656
3039,39.704876
3040,41.09077
3041,40.351334
3042,35.173355
3043,43.584236
3044,43.88792
3045,47.62695
3046,47.495964
3047,48.14966
3048,45.275024
3049,14.5368395
3050,24.045614
3051,19.873455
3052,21.506964
3053,19.33009
3054,18.964396
3055,14.672392
3056,45.630817
3057,48.07075
3058,48.85181
3059,47.44379
3060,48.223595
3061,16.790771
3062,22.68563
3063,18.323261
3064,16.776434
3065,17.638556
3066,14.868869
3067,10.317821
3068,42.501434
3069,36.039192
3070,49.084454
3071,48.308125
3072,47.584373
3073,47.197376
3074,24.276505
3075,22.21685
3076,21.516254
3077,17.84217
3078,18.590061
3079,17.573757
3080,7.5511785
3081,29.7409
3082,39.503426
3083,38.920864
3084,48.944214
3085,47.62543
3086,47.93753
3087,25.052742
3088,15.182473
3089,20.831322
3090,20.514715
3091,15.910618
3092,16.667303
3093,11.940005
3094,35.181602
3095,35.29138
3096,49.193474
3097,47.157738
3098,27.651295
3099,21.2397
3100,21.392014
3101,17.678421
3102,17.83101
3103,17.282158
3104,9.431609
3105,37.372154
3106,36.845814
3107,46.25549
3108,48.124638
3109,47.42232
3110,26.428396
3111,19.258656
3112,17.136436
3113,20.438566
3114,32.604465
3115,36.52362
3116,45.85452
3117,46.062683
3118,44.61605
3119,41.304752
3120,37.85452
3121,38.261204
3122,37.92679
3123,37.333992
3124,37.04643
3125,30.493444
3126,38.07873
3127,36.257793
3128,47.915527
3129,47.946613
3130,48.335426
3131,46.435493
3132,46.431705
3133,23.280928
3134,17.443874
3135,19.02275
3136,23.271215
3137,20.106459
3138,19.666338
3139,11.093556
3140,47.369823
3141,21.564308
3142,18.471165
3143,16.97571
3144,11.2901945
3145,7.916871
3146,47.846226
3147,48.160328
3148,44.992947
3149,42.736973
3150,12.330746
3151,8.991656
3152,33.79858
3153,45.45161
3154,48.102722
3155,47.629143
3156,14.492407
3157,20.732458
3158,17.767471
3159,18.07061
3160,14.861616
3161,47.61122
3162,46.28756
3163,28.904055
3164,14.646219
3165,21.7382
3166,17.0484
3167,18.42906
3168,15.419799
3169,8.956997
3170,22.06278
3171,37.613224
3172,48.663586
3173,49.990383
3174,49.392086
3175,26.276007
3176,24.191944
3177,18.947048
3178,17.32141
3179,16.808977
3180,20.499763
3181,19.899715
3182,19.500048
3183,41.67692
3184,36.01599
3185,35.556858
3186,44.17908
3187,47.358093
3188,47.23192
3189,46.765503
3190,46.524654
3191,43.29541
3192,39.370293
3193,41.74842
3194,39.323658
3195,41.89744
3196,45.505848
3197,47.77888
3198,48.918316
3199,47.657333
3200,48.78269
3201,46.156208
3202,27.191198
3203,16.107773
3204,18.144062
3205,13.143428
3206,11.363938
3207,38.320824
3208,45.390022
3209,40.216656
3210,49.361977
3211,47.255894
3212,48.38125
3213,47.41531
3214,45.216434
3215,13.616269
3216,23.116829
3217,17.605913
3218,38.051838
3219,40.113335
3220,43.228928
3221,48.82927
3222,46.71702
3223,47.842373
3224,21.21594
3225,22.762812
3226,19.482353
3227,11.148319
3228,36.77929
3229,39.321533
3230,42.437126
3231,48.99065
3232,46.956783
3233,47.835392
3234,47.35671
3235,21.548203
3236,19.34444
3237,15.996193
3238,17.333675
3239,8.109829
3240,20.202045
3241,44.936962
3242,48.448673
3243,48.032063
3244,26.311846
3245,13.732818
3246,17.905148
3247,21.676888
3248,19.166424
3249,14.827791
3250,11.750458
3251,12.132267
3252,18.527035
3253,37.165897
3254,30.598547
3255,30.966093
3256,49.115078
3257,49.721405
3258,24.628857
3259,24.418602
3260,17.604034
3261,18.90848
3262,43.12136
3263,40.48672
3264,36.186646
3265,44.918
3266,47.117416
3267,39.975616
3268,38.640842
3269,40.867573
3270,36.02751
3271,34.844425
3272,44.076385
3273,46.867428
3274,46.246506
3275,17.259684
3276,22.404753
3277,16.421867
3278,9.864901
3279,21.836267
3280,37.87748
3281,45.695152
3282,48.104782
3283,46.656975
3284,23.596678
3285,22.291525
3286,17.767908
3287,16.560198
3288,15.1953
3289,16.968977
3290,13.371833
3291,9.462914
3292,39.407093
3293,45.066036
3294,38.957355
3295,43.412846
3296,47.122253
3297,48.2011
3298,45.207626
3299,24.086823
3300,19.102442
3301,15.694566
3302,49.000168
3303,47.67353
3304,48.56458
3305,48.109863
3306,24.702335
3307,14.648972
3308,19.441076
3309,19.215088
3310,17.09454
3311,10.940417
3312,17.943676
3313,36.116966
3314,48.959885
3315,49.54312
3316,47.198048
3317,44.39222
3318,25.187366
3319,11.986773
3320,14.574496
3321,19.11543
3322,19.240509
3323,14.542339
3324,13.956767
3325,12.1151285
3326,6.58538
3327,15.772101
3328,34.769764
3329,41.004627
3330,48.788857
3331,48.352367
3332,21.970547
3333,23.268517
3334,44.976128
3335,47.097404
3336,47.614826
3337,47.057354
3338,44.043453
3339,41.033997
3340,41.335934
3341,38.156105
3342,34.54501
3343,40.656563
3344,32.307373
3345,42.21378
3346,46.508965
3347,47.400013
3348,45.871464
3349,43.68218
3350,23.045946
3351,14.385828
3352,17.485058
3353,18.000898
3354,12.769893
3355,22.959536
3356,35.009182
3357,42.860176
3358,47.487457
3359,49.150898
3360,24.356943
3361,22.725788
3362,21.980524
3363,15.245449
3364,11.004746
3365,20.887894
3366,39.826626
3367,47.24741
3368,45.436058
3369,24.431477
3370,14.956343
3371,34.50781
3372,36.843803
3373,47.319263
3374,48.65466
3375,47.127693
3376,46.981426
3377,24.042233
3378,13.829388
3379,15.757682
3380,21.864
3381,17.957846
3382,17.535849
3383,18.360977
3384,7.5467696
3385,18.641459
3386,33.39034
3387,47.016155
3388,31.028648
3389,21.105412
3390,8.503557
3391,19.127493
3392,28.819094
3393,46.861004
3394,49.45676
3395,49.3415
3396,48.62033
3397,22.874207
3398,24.51935
3399,20.082018
3400,20.753784
3401,21.68385
3402,14.535907
3403,15.969979
3404,28.555368
3405,44.71601
3406,48.20716
3407,47.288475
3408,46.79436
3409,44.40863
3410,47.88662
3411,41.37527
3412,39.07082
3413,41.148026
3414,28.933022
3415,48.137093
3416,46.813663
3417,19.816595
3418,25.722387
3419,21.561226
3420,18.871405
3421,15.26899
3422,16.934034
3423,41.07333
3424,49.017696
3425,49.663574
3426,48.114574
3427,45.659023
3428,31.919647
3429,35.575184
3430,35.36177
3431,24.460712
3432,25.46868
3433,19.010374
3434,20.850332
3435,34.00385
3436,42.36693
3437,47.719254
3438,50.01719
3439,48.12415
3440,47.89049
3441,35.151093
3442,25.692026
3443,25.70676
3444,19.55677
3445,20.761028
3446,34.452354
3447,41.236565
3448,49.164024
3449,47.68036
3450,48.53737
3451,47.864426
3452,45.932938
3453,36.22698
3454,25.966173
3455,21.13819
3456,23.429693
3457,19.100832
3458,11.050497
3459,46.925636
3460,48.52329
3461,48.196266
3462,47.533627
3463,47.84127
3464,20.334974
3465,19.30593
3466,20.709383
3467,22.72242
3468,12.897973
3469,41.186142
3470,49.27328
3471,49.884148
3472,29.904392
3473,26.338514
3474,27.307861
3475,24.9577
3476,38.360195
3477,42.993694
3478,39.58277
3479,45.072212
3480,47.36389
3481,47.868145
3482,47.64735
3483,47.34248
3484,45.71179
3485,47.152687
3486,41.284863
3487,46.356876
3488,43.143936
3489,39.93914
3490,40.95854
3491,48.729446
3492,47.75152
3493,47.312023
3494,47.01513
3495,45.912872
3496,25.899088
3497,20.367071
3498,18.003551
3499,12.618981
3500,26.64019
3501,47.568295
3502,43.648655
3503,42.585644
